{"cameraMode":{"drawMode":0,"name":"Shaded","section":"Shading Mode"},"sceneLighting":true,"audioPlay":false,"sceneViewState":{"showFog":false,"showMaterialUpdate":false,"showSkybox":false,"showFlares":false,"showImageEffects":false,"showParticleSystems":false},"in2DMode":false,"pivot":{"x":23.01171875,"y":2.0380859375,"z":-13.1737060546875},"rotation":{"x":-0.048762690275907519,"y":0.8835987448692322,"z":-0.09446987509727478,"w":-0.4563066065311432},"size":12.340170860290528,"orthographic":true}